time,hour,pv_w,surplus_w,price,limit_w,charge_w,to_grid_w,curtailed_w,soc_pct,soc_baseline_pct,rule_time_w,rule_price_w,rule_floor_w,rule_solar_cap_w
00:00,0.0,0.0,0.0,0.28,,0.0,0.0,0.0,20.0,20.0,,,,
00:15,0.25,0.0,0.0,0.28,,0.0,0.0,0.0,20.0,20.0,,,,
00:30,0.5,0.0,0.0,0.28,,0.0,0.0,0.0,20.0,20.0,,,,
00:45,0.75,0.0,0.0,0.28,,0.0,0.0,0.0,20.0,20.0,,,,
01:00,1.0,0.0,0.0,0.28,,0.0,0.0,0.0,20.0,20.0,,,,
01:15,1.25,0.0,0.0,0.28,,0.0,0.0,0.0,20.0,20.0,,,,
01:30,1.5,0.0,0.0,0.28,,0.0,0.0,0.0,20.0,20.0,,,,
01:45,1.75,0.0,0.0,0.28,,0.0,0.0,0.0,20.0,20.0,,,,
02:00,2.0,0.0,0.0,0.28,,0.0,0.0,0.0,20.0,20.0,,,,
02:15,2.25,0.0,0.0,0.28,,0.0,0.0,0.0,20.0,20.0,,,,
02:30,2.5,0.0,0.0,0.28,,0.0,0.0,0.0,20.0,20.0,,,,
02:45,2.75,0.0,0.0,0.28,,0.0,0.0,0.0,20.0,20.0,,,,
03:00,3.0,0.0,0.0,0.28,,0.0,0.0,0.0,20.0,20.0,,,,
03:15,3.25,0.0,0.0,0.28,,0.0,0.0,0.0,20.0,20.0,,,,
03:30,3.5,0.0,0.0,0.28,,0.0,0.0,0.0,20.0,20.0,,,,
03:45,3.75,0.0,0.0,0.28,,0.0,0.0,0.0,20.0,20.0,,,,
04:00,4.0,0.0,0.0,0.28,,0.0,0.0,0.0,20.0,20.0,,,,
04:15,4.25,0.0,0.0,0.28,,0.0,0.0,0.0,20.0,20.0,,,,
04:30,4.5,0.0,0.0,0.28,,0.0,0.0,0.0,20.0,20.0,,,,
04:45,4.75,0.0,0.0,0.28,,0.0,0.0,0.0,20.0,20.0,,,,
05:00,5.0,0.0,0.0,0.28,,0.0,0.0,0.0,20.0,20.0,,,,
05:15,5.25,0.0,0.0,0.28,,0.0,0.0,0.0,20.0,20.0,,,,
05:30,5.5,0.0,0.0,0.28,,0.0,0.0,0.0,20.0,20.0,,,,
05:45,5.75,0.0,0.0,0.28,,0.0,0.0,0.0,20.0,20.0,,,,
06:00,6.0,0.0,0.0,0.28,,0.0,0.0,0.0,20.0,20.0,,,,
06:15,6.25,0.0,0.0,0.28,,0.0,0.0,0.0,20.0,20.0,,,,
06:30,6.5,0.0,0.0,0.28,,0.0,0.0,0.0,20.0,20.0,,,,
06:45,6.75,0.0,0.0,0.28,,0.0,0.0,0.0,20.0,20.0,,,,
07:00,7.0,348.8,0.0,0.28,,0.0,0.0,0.0,20.0,20.0,,,,
07:15,7.25,433.4,33.4,0.28,,33.4,0.0,0.0,20.08,20.08,,,,
07:30,7.5,533.7,133.7,0.28,,133.7,0.0,0.0,20.42,20.42,,,,
07:45,7.75,651.0,251.0,0.28,,251.0,0.0,0.0,21.05,21.05,,,,
08:00,8.0,786.9,386.9,0.28,,386.9,0.0,0.0,22.01,22.01,,,,
08:15,8.25,942.3,542.3,0.28,,542.3,0.0,0.0,23.37,23.37,,,,
08:30,8.5,1118.1,718.1,0.28,,718.1,0.0,0.0,25.16,25.16,,,,
08:45,8.75,1314.5,914.5,0.28,,914.5,0.0,0.0,27.45,27.45,,,,
09:00,9.0,1531.1,1131.1,0.28,,1131.1,0.0,0.0,30.28,30.28,,,,
09:15,9.25,1767.1,1367.1,0.28,,1367.1,0.0,0.0,33.7,33.7,,,,
09:30,9.5,2020.6,1620.6,0.28,,1620.6,0.0,0.0,37.75,37.75,,,,
09:45,9.75,2289.2,1889.2,0.28,,1889.2,0.0,0.0,42.47,42.47,,,,
10:00,10.0,2569.6,2169.6,0.28,,2169.6,0.0,0.0,47.89,47.89,,,,
10:15,10.25,2857.9,2457.9,0.28,,2457.9,0.0,0.0,54.04,54.04,,,,
10:30,10.5,3149.2,2749.2,0.28,,2749.2,0.0,0.0,60.91,60.91,,,,
10:45,10.75,3438.4,3038.4,0.28,,3038.4,0.0,0.0,68.51,68.51,,,,
11:00,11.0,3719.5,3319.5,0.03,,3319.5,0.0,0.0,76.81,76.81,,,,
11:15,11.25,3986.5,3586.5,0.03,,3586.5,0.0,0.0,85.77,85.77,,,,
11:30,11.5,4233.5,3833.5,0.03,,3833.5,0.0,0.0,95.36,95.36,,,,
11:45,11.75,4454.3,4054.3,0.03,,1857.5,2196.8,0.0,100.0,100.0,,,,
12:00,12.0,4643.5,4243.5,0.03,,0.0,4243.5,243.5,100.0,100.0,,,,
12:15,12.25,4796.2,4396.2,0.03,,0.0,4396.2,396.2,100.0,100.0,,,,
12:30,12.5,4908.4,4508.4,0.03,,0.0,4508.4,508.4,100.0,100.0,,,,
12:45,12.75,4976.9,4576.9,0.03,,0.0,4576.9,576.9,100.0,100.0,,,,
13:00,13.0,5000.0,4600.0,0.03,,0.0,4600.0,600.0,100.0,100.0,,,,
13:15,13.25,4976.9,4576.9,0.03,,0.0,4576.9,576.9,100.0,100.0,,,,
13:30,13.5,4908.4,4508.4,0.03,,0.0,4508.4,508.4,100.0,100.0,,,,
13:45,13.75,4796.2,4396.2,0.03,,0.0,4396.2,396.2,100.0,100.0,,,,
14:00,14.0,4643.5,4243.5,0.28,,0.0,4243.5,243.5,100.0,100.0,,,,
14:15,14.25,4454.3,4054.3,0.28,,0.0,4054.3,54.3,100.0,100.0,,,,
14:30,14.5,4233.5,3833.5,0.28,,0.0,3833.5,0.0,100.0,100.0,,,,
14:45,14.75,3986.5,3586.5,0.28,,0.0,3586.5,0.0,100.0,100.0,,,,
15:00,15.0,3719.5,3319.5,0.28,,0.0,3319.5,0.0,100.0,100.0,,,,
15:15,15.25,3438.4,3038.4,0.28,,0.0,3038.4,0.0,100.0,100.0,,,,
15:30,15.5,3149.2,2749.2,0.28,,0.0,2749.2,0.0,100.0,100.0,,,,
15:45,15.75,2857.9,2457.9,0.28,,0.0,2457.9,0.0,100.0,100.0,,,,
16:00,16.0,2569.6,2169.6,0.28,,0.0,2169.6,0.0,100.0,100.0,,,,
16:15,16.25,2289.2,1889.2,0.28,,0.0,1889.2,0.0,100.0,100.0,,,,
16:30,16.5,2020.6,1620.6,0.28,,0.0,1620.6,0.0,100.0,100.0,,,,
16:45,16.75,1767.1,1367.1,0.28,,0.0,1367.1,0.0,100.0,100.0,,,,
17:00,17.0,1531.1,1131.1,0.42,,0.0,1131.1,0.0,100.0,100.0,,,,
17:15,17.25,1314.5,914.5,0.42,,0.0,914.5,0.0,100.0,100.0,,,,
17:30,17.5,1118.1,718.1,0.42,,0.0,718.1,0.0,100.0,100.0,,,,
17:45,17.75,942.3,542.3,0.42,,0.0,542.3,0.0,100.0,100.0,,,,
18:00,18.0,786.9,386.9,0.42,,0.0,386.9,0.0,100.0,100.0,,,,
18:15,18.25,651.0,251.0,0.42,,0.0,251.0,0.0,100.0,100.0,,,,
18:30,18.5,533.7,133.7,0.42,,0.0,133.7,0.0,100.0,100.0,,,,
18:45,18.75,433.4,33.4,0.42,,0.0,33.4,0.0,100.0,100.0,,,,
19:00,19.0,348.8,0.0,0.42,,0.0,0.0,0.0,100.0,100.0,,,,
19:15,19.25,0.0,0.0,0.42,,0.0,0.0,0.0,100.0,100.0,,,,
19:30,19.5,0.0,0.0,0.42,,0.0,0.0,0.0,100.0,100.0,,,,
19:45,19.75,0.0,0.0,0.42,,0.0,0.0,0.0,100.0,100.0,,,,
20:00,20.0,0.0,0.0,0.28,,0.0,0.0,0.0,100.0,100.0,,,,
20:15,20.25,0.0,0.0,0.28,,0.0,0.0,0.0,100.0,100.0,,,,
20:30,20.5,0.0,0.0,0.28,,0.0,0.0,0.0,100.0,100.0,,,,
20:45,20.75,0.0,0.0,0.28,,0.0,0.0,0.0,100.0,100.0,,,,
21:00,21.0,0.0,0.0,0.28,,0.0,0.0,0.0,100.0,100.0,,,,
21:15,21.25,0.0,0.0,0.28,,0.0,0.0,0.0,100.0,100.0,,,,
21:30,21.5,0.0,0.0,0.28,,0.0,0.0,0.0,100.0,100.0,,,,
21:45,21.75,0.0,0.0,0.28,,0.0,0.0,0.0,100.0,100.0,,,,
22:00,22.0,0.0,0.0,0.28,,0.0,0.0,0.0,100.0,100.0,,,,
22:15,22.25,0.0,0.0,0.28,,0.0,0.0,0.0,100.0,100.0,,,,
22:30,22.5,0.0,0.0,0.28,,0.0,0.0,0.0,100.0,100.0,,,,
22:45,22.75,0.0,0.0,0.28,,0.0,0.0,0.0,100.0,100.0,,,,
23:00,23.0,0.0,0.0,0.28,,0.0,0.0,0.0,100.0,100.0,,,,
23:15,23.25,0.0,0.0,0.28,,0.0,0.0,0.0,100.0,100.0,,,,
23:30,23.5,0.0,0.0,0.28,,0.0,0.0,0.0,100.0,100.0,,,,
23:45,23.75,0.0,0.0,0.28,,0.0,0.0,0.0,100.0,100.0,,,,
